<?xml version="1.0" encoding="UTF-8" standalone="yes"?>
<theme version="1.0">
    <description>Material Light</description>
    <font>
	    <file>Roboto-Regular.ttf</file>
	    <size>14</size>
	    <color><red>0</red><green>0</green><blue>0</blue><alpha>222</alpha></color>
    </font>
    <font target="button">
	    <file>Roboto-Medium.ttf</file>
		<color><red>41</red><green>121</green><blue>255</blue><alpha>255</alpha></color>
    </font>
	<font target="button_desel">
	    <file>Roboto-Medium.ttf</file>
		<color><red>0</red><green>0</green><blue>0</blue><alpha>138</alpha></color>
    </font>
    <font target="dlgtitle">
	    <file>Roboto-Medium.ttf</file>
	    <size>20</size>
    </font>
    <font target="appname">
	    <size>18</size>
    </font>
    <font target="appdesc">
	    <size>14</size>
	    <color><red>0</red><green>0</green><blue>0</blue><alpha>138</alpha></color>
    </font>
    <font_color>
        <red>0</red>
        <green>0</green>
        <blue>0</blue>
        <alpha>222</alpha>
    </font_color>
    <progress_gradient>
        <upper_left>
            <red>41</red>
            <green>121</green>
            <blue>255</blue>
            <alpha>255</alpha>
        </upper_left>
        <upper_right>
            <red>41</red>
            <green>121</green>
            <blue>255</blue>
            <alpha>255</alpha>
        </upper_right>
        <lower_left>
            <red>41</red>
            <green>121</green>
            <blue>255</blue>
            <alpha>255</alpha>
        </lower_left>
        <lower_right>
            <red>41</red>
            <green>121</green>
            <blue>255</blue>
            <alpha>255</alpha>
        </lower_right>
    </progress_gradient>
</theme>
